pair,timestamp,price
eth-usd,2023-12-31T19:00:00,2288.375312627434
eth-usd,2023-12-31T20:00:00,2299.2603971177437
eth-usd,2023-12-31T21:00:00,2296.236524631028
eth-usd,2023-12-31T22:00:00,2280.226462714783
eth-usd,2023-12-31T23:00:00,2273.264686531902
eth-usd,2024-01-01T00:00:00,2277.9118945819987
eth-usd,2024-01-01T01:00:00,2277.2229493080495
eth-usd,2024-01-01T02:00:00,2284.244036974578
eth-usd,2024-01-01T03:00:00,2283.682965524766
eth-usd,2024-01-01T04:00:00,2292.878687790553
eth-usd,2024-01-01T05:00:00,2300.6005085983415
eth-usd,2024-01-01T06:00:00,2302.446298159395
eth-usd,2024-01-01T07:00:00,2302.2713317534335
eth-usd,2024-01-01T08:00:00,2303.9508517421236
eth-usd,2024-01-01T09:00:00,2301.5159753628736
eth-usd,2024-01-01T10:00:00,2309.4625359418865
eth-usd,2024-01-01T11:00:00,2314.3725816575484
eth-usd,2024-01-01T12:00:00,2313.1969498735434
eth-usd,2024-01-01T13:00:00,2326.193656870627
eth-usd,2024-01-01T14:00:00,2332.1413043942302
eth-usd,2024-01-01T15:00:00,2342.7580642259763
eth-usd,2024-01-01T16:00:00,2338.9601180231625
eth-usd,2024-01-01T17:00:00,2331.8920752828067
eth-usd,2024-01-01T18:00:00,2345.671440413661
eth-usd,2024-01-01T19:00:00,2375.025841504405
eth-usd,2024-01-01T20:00:00,2385.8131088340433
eth-usd,2024-01-01T21:00:00,2380.396370158819
eth-usd,2024-01-01T22:00:00,2380.557892943619
eth-usd,2024-01-01T23:00:00,2385.5137142849953
eth-usd,2024-01-02T00:00:00,2387.2083245381673
eth-usd,2024-01-02T01:00:00,2381.1586654268385
eth-usd,2024-01-02T02:00:00,2383.7394791392608
eth-usd,2024-01-02T03:00:00,2414.370264497244
eth-usd,2024-01-02T04:00:00,2422.653586771688
eth-usd,2024-01-02T05:00:00,2406.627300779702
eth-usd,2024-01-02T06:00:00,2395.444169440948
eth-usd,2024-01-02T07:00:00,2395.5419148480573
eth-usd,2024-01-02T08:00:00,2396.6485663792687
eth-usd,2024-01-02T09:00:00,2381.4005715265166
eth-usd,2024-01-02T10:00:00,2364.4408844692166
eth-usd,2024-01-02T11:00:00,2359.9118006740955
eth-usd,2024-01-02T12:00:00,2360.9599991231757
eth-usd,2024-01-02T13:00:00,2364.705901650159
eth-usd,2024-01-02T14:00:00,2366.163766983925
eth-usd,2024-01-02T15:00:00,2369.7358147060163
eth-usd,2024-01-02T16:00:00,2357.423002969893
eth-usd,2024-01-02T17:00:00,2366.296483404331
eth-usd,2024-01-02T18:00:00,2357.6496682820593
eth-usd,2024-01-02T19:00:00,2359.1594649208782
eth-usd,2024-01-02T20:00:00,2367.8775708726935
eth-usd,2024-01-02T21:00:00,2376.0452179878907
eth-usd,2024-01-02T22:00:00,2368.032957136072
eth-usd,2024-01-02T23:00:00,2369.8918427489693
eth-usd,2024-01-03T00:00:00,2375.3701217988364
eth-usd,2024-01-03T01:00:00,2378.504760860485
eth-usd,2024-01-03T02:00:00,2371.536156864332
eth-usd,2024-01-03T03:00:00,2366.96764205771
eth-usd,2024-01-03T04:00:00,2377.639944637112
eth-usd,2024-01-03T05:00:00,2372.6001340794965
eth-usd,2024-01-03T06:00:00,2328.5917932255556
eth-usd,2024-01-03T07:00:00,2207.513446699798
eth-usd,2024-01-03T08:00:00,2228.1953439520325
eth-usd,2024-01-03T09:00:00,2205.166582716897
eth-usd,2024-01-03T10:00:00,2216.9173009214796
eth-usd,2024-01-03T11:00:00,2236.425231797087
eth-usd,2024-01-03T12:00:00,2223.401552179529
eth-usd,2024-01-03T13:00:00,2209.638010006136
eth-usd,2024-01-03T14:00:00,2213.3693713152406
eth-usd,2024-01-03T15:00:00,2215.176941590828
eth-usd,2024-01-03T16:00:00,2221.6261592478877
eth-usd,2024-01-03T17:00:00,2215.4880443211096
eth-usd,2024-01-03T18:00:00,2204.7859790428665
eth-usd,2024-01-03T19:00:00,2212.528214531043
eth-usd,2024-01-03T20:00:00,2209.2898907851877
eth-usd,2024-01-03T21:00:00,2222.2816649507918
eth-usd,2024-01-03T22:00:00,2232.536074982683
eth-usd,2024-01-03T23:00:00,2235.5497762158675
eth-usd,2024-01-04T00:00:00,2239.7407910222587
eth-usd,2024-01-04T01:00:00,2240.337907851507
eth-usd,2024-01-04T02:00:00,2233.1344051786828
eth-usd,2024-01-04T03:00:00,2219.6433547786132
eth-usd,2024-01-04T04:00:00,2223.604451758353
eth-usd,2024-01-04T05:00:00,2219.46199878156
eth-usd,2024-01-04T06:00:00,2226.7402511462506
eth-usd,2024-01-04T07:00:00,2236.582531346279
eth-usd,2024-01-04T08:00:00,2238.2489864275744
eth-usd,2024-01-04T09:00:00,2249.828326746203
eth-usd,2024-01-04T10:00:00,2274.0853734742864
eth-usd,2024-01-04T11:00:00,2269.653002824746
eth-usd,2024-01-04T12:00:00,2283.421926618068
eth-usd,2024-01-04T13:00:00,2277.216653431302
eth-usd,2024-01-04T14:00:00,2284.002190218454
eth-usd,2024-01-04T15:00:00,2285.6841590244194
eth-usd,2024-01-04T16:00:00,2281.8338484151154
eth-usd,2024-01-04T17:00:00,2276.2350537315765
eth-usd,2024-01-04T18:00:00,2272.4996802170317
eth-usd,2024-01-04T19:00:00,2269.369127520051
eth-usd,2024-01-04T20:00:00,2244.36901441574
eth-usd,2024-01-04T21:00:00,2244.4091826924832
eth-usd,2024-01-04T22:00:00,2246.4089357428225
eth-usd,2024-01-04T23:00:00,2242.5052273270917
eth-usd,2024-01-05T00:00:00,2246.9291253827896
eth-usd,2024-01-05T01:00:00,2251.345891248156
eth-usd,2024-01-05T02:00:00,2261.4784635478877
eth-usd,2024-01-05T03:00:00,2255.9248262543283
eth-usd,2024-01-05T04:00:00,2263.6896377375174
eth-usd,2024-01-05T05:00:00,2254.4759392923056
eth-usd,2024-01-05T06:00:00,2245.7420745048553
eth-usd,2024-01-05T07:00:00,2246.109115645513
eth-usd,2024-01-05T08:00:00,2245.8956779827795
eth-usd,2024-01-05T09:00:00,2235.376397275777
eth-usd,2024-01-05T10:00:00,2231.3470876501606
eth-usd,2024-01-05T11:00:00,2222.7929900984236
eth-usd,2024-01-05T12:00:00,2222.0380908476004
eth-usd,2024-01-05T13:00:00,2233.028120432758
eth-usd,2024-01-05T14:00:00,2236.2037064295378
eth-usd,2024-01-05T15:00:00,2246.9175368345923
eth-usd,2024-01-05T16:00:00,2242.709690025884
eth-usd,2024-01-05T17:00:00,2246.0204051430082
eth-usd,2024-01-05T18:00:00,2267.5183763813357
eth-usd,2024-01-05T19:00:00,2265.321833618902
eth-usd,2024-01-05T20:00:00,2260.3940468487617
eth-usd,2024-01-05T21:00:00,2257.018588278743
eth-usd,2024-01-05T22:00:00,2255.2549761457626
eth-usd,2024-01-05T23:00:00,2251.8187987439783
eth-usd,2024-01-06T00:00:00,2241.5121177448395
eth-usd,2024-01-06T01:00:00,2225.4395990561047
eth-usd,2024-01-06T02:00:00,2227.228115058908
eth-usd,2024-01-06T03:00:00,2235.1359491491303
eth-usd,2024-01-06T04:00:00,2238.249672364907
eth-usd,2024-01-06T05:00:00,2235.755023260828
eth-usd,2024-01-06T06:00:00,2236.8571600666746
eth-usd,2024-01-06T07:00:00,2237.3192727902046
eth-usd,2024-01-06T08:00:00,2235.962698003411
eth-usd,2024-01-06T09:00:00,2243.880226682986
eth-usd,2024-01-06T10:00:00,2245.634667187115
eth-usd,2024-01-06T11:00:00,2247.9092930161805
eth-usd,2024-01-06T12:00:00,2248.7488805580992
eth-usd,2024-01-06T13:00:00,2251.3100952518234
eth-usd,2024-01-06T14:00:00,2244.9258085100955
eth-usd,2024-01-06T15:00:00,2242.523485998549
eth-usd,2024-01-06T16:00:00,2240.9811444174334
eth-usd,2024-01-06T17:00:00,2237.3772129589943
eth-usd,2024-01-06T18:00:00,2236.870242054161
eth-usd,2024-01-06T19:00:00,2249.9321926065345
eth-usd,2024-01-06T20:00:00,2249.5396494935285
eth-usd,2024-01-06T21:00:00,2243.9668925731276
eth-usd,2024-01-06T22:00:00,2244.787333737922
eth-usd,2024-01-06T23:00:00,2247.218384526291
eth-usd,2024-01-07T00:00:00,2246.9306471170485
eth-usd,2024-01-07T01:00:00,2248.4065861046447
eth-usd,2024-01-07T02:00:00,2249.97756312276
eth-usd,2024-01-07T03:00:00,2247.9871401419778
eth-usd,2024-01-07T04:00:00,2236.9818651148835
eth-usd,2024-01-07T05:00:00,2238.569783581953
eth-usd,2024-01-07T06:00:00,2239.4312946449663
eth-usd,2024-01-07T07:00:00,2238.669002616524
eth-usd,2024-01-07T08:00:00,2250.0270816209954
eth-usd,2024-01-07T09:00:00,2249.9767395219214
eth-usd,2024-01-07T10:00:00,2234.845773012959
eth-usd,2024-01-07T11:00:00,2231.6575060721616
eth-usd,2024-01-07T12:00:00,2236.406160763318
eth-usd,2024-01-07T13:00:00,2243.46028412429
eth-usd,2024-01-07T14:00:00,2247.4805835333195
eth-usd,2024-01-07T15:00:00,2246.6431495491906
eth-usd,2024-01-07T16:00:00,2241.703112614366
eth-usd,2024-01-07T17:00:00,2224.0711733956855
eth-usd,2024-01-07T18:00:00,2216.6146009922704
eth-usd,2024-01-07T19:00:00,2205.3644171890505
eth-usd,2024-01-07T20:00:00,2206.0780593037753
eth-usd,2024-01-07T21:00:00,2189.1078968154125
eth-usd,2024-01-07T22:00:00,2182.4716072906067
eth-usd,2024-01-07T23:00:00,2193.2552895937224
eth-usd,2024-01-08T00:00:00,2195.2891082942524
eth-usd,2024-01-08T01:00:00,2213.582297753373
eth-usd,2024-01-08T02:00:00,2223.193645238938
eth-usd,2024-01-08T03:00:00,2228.099087783198
eth-usd,2024-01-08T04:00:00,2217.830725311232
eth-usd,2024-01-08T05:00:00,2221.3255222444045
eth-usd,2024-01-08T06:00:00,2229.972031841412
eth-usd,2024-01-08T07:00:00,2257.999612216353
eth-usd,2024-01-08T08:00:00,2268.448193720771
eth-usd,2024-01-08T09:00:00,2266.0872928159174
eth-usd,2024-01-08T10:00:00,2270.548432638295
eth-usd,2024-01-08T11:00:00,2270.7393421085803
eth-usd,2024-01-08T12:00:00,2288.1884653673733
eth-usd,2024-01-08T13:00:00,2324.5136221821112
eth-usd,2024-01-08T14:00:00,2346.815807742088
eth-usd,2024-01-08T15:00:00,2348.7736260743422
eth-usd,2024-01-08T16:00:00,2341.383438005769
eth-usd,2024-01-08T17:00:00,2339.076003442783
eth-usd,2024-01-08T18:00:00,2332.5888605126515
eth-usd,2024-01-08T19:00:00,2316.3392925561393
eth-usd,2024-01-08T20:00:00,2307.3315025895504
eth-usd,2024-01-08T21:00:00,2313.144950837864
eth-usd,2024-01-08T22:00:00,2312.4972206141456
eth-usd,2024-01-08T23:00:00,2311.2329297639926
eth-usd,2024-01-09T00:00:00,2311.3723446930803
eth-usd,2024-01-09T01:00:00,2305.2427124317533
eth-usd,2024-01-09T02:00:00,2307.113175608309
eth-usd,2024-01-09T03:00:00,2301.596720852664
eth-usd,2024-01-09T04:00:00,2292.950625472613
eth-usd,2024-01-09T05:00:00,2297.406955709703
eth-usd,2024-01-09T06:00:00,2297.803264526949
eth-usd,2024-01-09T07:00:00,2268.4067090158833
eth-usd,2024-01-09T08:00:00,2274.1825064934483
eth-usd,2024-01-09T09:00:00,2259.7798808347775
eth-usd,2024-01-09T10:00:00,2257.8276744836676
eth-usd,2024-01-09T11:00:00,2256.7009684242744
eth-usd,2024-01-09T12:00:00,2263.0547824990676
eth-usd,2024-01-09T13:00:00,2271.1867073993253
eth-usd,2024-01-09T14:00:00,2270.051707463235
eth-usd,2024-01-09T15:00:00,2258.7233166815395
eth-usd,2024-01-09T16:00:00,2307.4787161173567
eth-usd,2024-01-09T17:00:00,2350.3371310558205
eth-usd,2024-01-09T18:00:00,2334.291284004967
eth-usd,2024-01-09T19:00:00,2377.679953896751
eth-usd,2024-01-09T20:00:00,2382.478743509553
eth-usd,2024-01-09T21:00:00,2362.5673003928728
eth-usd,2024-01-09T22:00:00,2358.320539134868
eth-usd,2024-01-09T23:00:00,2372.5722427329033
eth-usd,2024-01-10T00:00:00,2383.1104849605567
eth-usd,2024-01-10T01:00:00,2380.1179567915137
eth-usd,2024-01-10T02:00:00,2378.272808833518
eth-usd,2024-01-10T03:00:00,2372.251402364206
eth-usd,2024-01-10T04:00:00,2409.773409552094
eth-usd,2024-01-10T05:00:00,2414.6734009355728
eth-usd,2024-01-10T06:00:00,2400.5932783143853
eth-usd,2024-01-10T07:00:00,2376.647818524107
eth-usd,2024-01-10T08:00:00,2378.1262426477033
eth-usd,2024-01-10T09:00:00,2385.1085169875523
eth-usd,2024-01-10T10:00:00,2433.8183507307785
eth-usd,2024-01-10T11:00:00,2433.2747055630753
eth-usd,2024-01-10T12:00:00,2426.794032774482
eth-usd,2024-01-10T13:00:00,2429.741763402355
eth-usd,2024-01-10T14:00:00,2463.5241414062198
eth-usd,2024-01-10T15:00:00,2459.9801478584777
eth-usd,2024-01-10T16:00:00,2510.5329033906705
eth-usd,2024-01-10T17:00:00,2536.963207451869
eth-usd,2024-01-10T18:00:00,2597.71712757724
eth-usd,2024-01-10T19:00:00,2583.742811618345
eth-usd,2024-01-10T20:00:00,2590.0648339796594
eth-usd,2024-01-10T21:00:00,2578.923086397234
eth-usd,2024-01-10T22:00:00,2593.835418705508
eth-usd,2024-01-10T23:00:00,2614.5727558468925
eth-usd,2024-01-11T00:00:00,2601.199247394748
eth-usd,2024-01-11T01:00:00,2581.97476665297
eth-usd,2024-01-11T02:00:00,2584.6924224742675
eth-usd,2024-01-11T03:00:00,2603.1344696534625
eth-usd,2024-01-11T04:00:00,2611.4180636230594
eth-usd,2024-01-11T05:00:00,2629.328853075139
eth-usd,2024-01-11T06:00:00,2647.9104870358524
eth-usd,2024-01-11T07:00:00,2648.265629635215
eth-usd,2024-01-11T08:00:00,2643.396078292313
eth-usd,2024-01-11T09:00:00,2653.9194045980757
eth-usd,2024-01-11T10:00:00,2643.2890827668325
eth-usd,2024-01-11T11:00:00,2589.48436805802
eth-usd,2024-01-11T12:00:00,2594.693603419951
eth-usd,2024-01-11T13:00:00,2601.759665261333
eth-usd,2024-01-11T14:00:00,2610.129256832044
eth-usd,2024-01-11T15:00:00,2611.7212083126997
eth-usd,2024-01-11T16:00:00,2609.5228552184108
eth-usd,2024-01-11T17:00:00,2606.7012819231595
eth-usd,2024-01-11T18:00:00,2618.5906353973755
eth-usd,2024-01-11T19:00:00,2608.6515927804044
eth-usd,2024-01-11T20:00:00,2593.693979234936
eth-usd,2024-01-11T21:00:00,2601.0410915161924
eth-usd,2024-01-11T22:00:00,2598.80834601122
eth-usd,2024-01-11T23:00:00,2594.4428749817
eth-usd,2024-01-12T00:00:00,2598.1195290337982
eth-usd,2024-01-12T01:00:00,2617.216172579016
eth-usd,2024-01-12T02:00:00,2605.620236827971
eth-usd,2024-01-12T03:00:00,2593.471835406718
eth-usd,2024-01-12T04:00:00,2601.8103297264015
eth-usd,2024-01-12T05:00:00,2617.370873303706
eth-usd,2024-01-12T06:00:00,2648.3820934531486
eth-usd,2024-01-12T07:00:00,2660.7118841261795
eth-usd,2024-01-12T08:00:00,2673.260589492666
eth-usd,2024-01-12T09:00:00,2688.804779198953
eth-usd,2024-01-12T10:00:00,2673.2937316440416
eth-usd,2024-01-12T11:00:00,2653.455622137755
eth-usd,2024-01-12T12:00:00,2590.7459550183567
eth-usd,2024-01-12T13:00:00,2594.3873741995158
eth-usd,2024-01-12T14:00:00,2592.9689682865237
eth-usd,2024-01-12T15:00:00,2580.9427959161726
eth-usd,2024-01-12T16:00:00,2535.252834220453
eth-usd,2024-01-12T17:00:00,2495.75941422026
eth-usd,2024-01-12T18:00:00,2516.7999425620615
eth-usd,2024-01-12T19:00:00,2526.744006992633
eth-usd,2024-01-12T20:00:00,2511.308087665741
eth-usd,2024-01-12T21:00:00,2538.89112487404
eth-usd,2024-01-12T22:00:00,2546.706258670946
eth-usd,2024-01-12T23:00:00,2544.305701656872
eth-usd,2024-01-13T00:00:00,2547.48912704205
eth-usd,2024-01-13T01:00:00,2547.913335232901
eth-usd,2024-01-13T02:00:00,2553.9099981990016
eth-usd,2024-01-13T03:00:00,2554.837746881269
eth-usd,2024-01-13T04:00:00,2544.567491143735
eth-usd,2024-01-13T05:00:00,2532.0010665729164
eth-usd,2024-01-13T06:00:00,2538.202922005518
eth-usd,2024-01-13T07:00:00,2544.1822294133676
eth-usd,2024-01-13T08:00:00,2544.231627840193
eth-usd,2024-01-13T09:00:00,2537.604295973694
eth-usd,2024-01-13T10:00:00,2556.8276213669883
eth-usd,2024-01-13T11:00:00,2560.057723069386
eth-usd,2024-01-13T12:00:00,2558.25652171039
eth-usd,2024-01-13T13:00:00,2561.220341161319
eth-usd,2024-01-13T14:00:00,2570.35236207865
eth-usd,2024-01-13T15:00:00,2571.9293169289667
eth-usd,2024-01-13T16:00:00,2568.0117124758845
eth-usd,2024-01-13T17:00:00,2570.891348447025
eth-usd,2024-01-13T18:00:00,2582.346197827234
eth-usd,2024-01-13T19:00:00,2568.164968762668
eth-usd,2024-01-13T20:00:00,2568.953970429403
eth-usd,2024-01-13T21:00:00,2559.7816279344443
eth-usd,2024-01-13T22:00:00,2554.9361637420234
eth-usd,2024-01-13T23:00:00,2547.9399601193977
eth-usd,2024-01-14T00:00:00,2548.7797150807714
eth-usd,2024-01-14T01:00:00,2551.9230232395885
eth-usd,2024-01-14T02:00:00,2548.119656964034
eth-usd,2024-01-14T03:00:00,2546.6814679240765
eth-usd,2024-01-14T04:00:00,2546.04356715966
eth-usd,2024-01-14T05:00:00,2544.943793614074
eth-usd,2024-01-14T06:00:00,2539.045779589737
eth-usd,2024-01-14T07:00:00,2538.933352889333
eth-usd,2024-01-14T08:00:00,2532.401381024829
eth-usd,2024-01-14T09:00:00,2535.745253936173
eth-usd,2024-01-14T10:00:00,2538.502420409273
eth-usd,2024-01-14T11:00:00,2533.704591740532
eth-usd,2024-01-14T12:00:00,2530.0660636625043
eth-usd,2024-01-14T13:00:00,2528.788863640896
eth-usd,2024-01-14T14:00:00,2511.3872327946265
eth-usd,2024-01-14T15:00:00,2502.6924817565136
eth-usd,2024-01-14T16:00:00,2510.789016317133
eth-usd,2024-01-14T17:00:00,2518.4204866763066
eth-usd,2024-01-14T18:00:00,2483.3833838081046
eth-usd,2024-01-14T19:00:00,2489.3074657451257
eth-usd,2024-01-14T20:00:00,2500.9742088705425
eth-usd,2024-01-14T21:00:00,2499.821802416512
eth-usd,2024-01-14T22:00:00,2506.7068587719245
eth-usd,2024-01-14T23:00:00,2506.8163108527638
eth-usd,2024-01-15T00:00:00,2513.1233182511023
eth-usd,2024-01-15T01:00:00,2515.250314342435
eth-usd,2024-01-15T02:00:00,2507.322308148704
eth-usd,2024-01-15T03:00:00,2510.8379848508794
eth-usd,2024-01-15T04:00:00,2521.6696295984843
eth-usd,2024-01-15T05:00:00,2530.8476565169426
eth-usd,2024-01-15T06:00:00,2536.265047727011
eth-usd,2024-01-15T07:00:00,2540.405843637244
eth-usd,2024-01-15T08:00:00,2540.7509216160624
eth-usd,2024-01-15T09:00:00,2520.204023507455
eth-usd,2024-01-15T10:00:00,2514.5909555030075
eth-usd,2024-01-15T11:00:00,2520.2111281304
eth-usd,2024-01-15T12:00:00,2530.2054018361587
eth-usd,2024-01-15T13:00:00,2542.01774602671
eth-usd,2024-01-15T14:00:00,2537.212053584013
eth-usd,2024-01-15T15:00:00,2529.8970728840322
eth-usd,2024-01-15T16:00:00,2522.772634992225
eth-usd,2024-01-15T17:00:00,2510.1539267891103
eth-usd,2024-01-15T18:00:00,2512.873111185817
eth-usd,2024-01-15T19:00:00,2508.9239846451474
eth-usd,2024-01-15T20:00:00,2512.3163055399004
eth-usd,2024-01-15T21:00:00,2516.1665866363683
eth-usd,2024-01-15T22:00:00,2524.828351370883
eth-usd,2024-01-15T23:00:00,2530.662931605716
eth-usd,2024-01-16T00:00:00,2531.574165780394
eth-usd,2024-01-16T01:00:00,2527.9562881372626
eth-usd,2024-01-16T02:00:00,2525.432989395986
eth-usd,2024-01-16T03:00:00,2529.487257096239
eth-usd,2024-01-16T04:00:00,2540.459920291059
eth-usd,2024-01-16T05:00:00,2532.09205961178
eth-usd,2024-01-16T06:00:00,2526.892685132641
eth-usd,2024-01-16T07:00:00,2536.8995061994356
eth-usd,2024-01-16T08:00:00,2533.349074475309
eth-usd,2024-01-16T09:00:00,2518.376095268466
eth-usd,2024-01-16T10:00:00,2552.908301778453
eth-usd,2024-01-16T11:00:00,2561.3289862041333
eth-usd,2024-01-16T12:00:00,2568.889591119691
eth-usd,2024-01-16T13:00:00,2561.0942382586077
eth-usd,2024-01-16T14:00:00,2565.121977055071
eth-usd,2024-01-16T15:00:00,2582.516968076423
eth-usd,2024-01-16T16:00:00,2597.8276817326096
eth-usd,2024-01-16T17:00:00,2604.176012457819
eth-usd,2024-01-16T18:00:00,2595.074396681123
eth-usd,2024-01-16T19:00:00,2584.9556935468872
eth-usd,2024-01-16T20:00:00,2587.3063155112463
eth-usd,2024-01-16T21:00:00,2576.8113260585405
eth-usd,2024-01-16T22:00:00,2573.907039295567
eth-usd,2024-01-16T23:00:00,2568.2694352568396
eth-usd,2024-01-17T00:00:00,2567.0416416649987
eth-usd,2024-01-17T01:00:00,2564.6856349396476
eth-usd,2024-01-17T02:00:00,2556.4489811123485
eth-usd,2024-01-17T03:00:00,2542.0895315490807
eth-usd,2024-01-17T04:00:00,2545.62218415728
eth-usd,2024-01-17T05:00:00,2545.363670470473
eth-usd,2024-01-17T06:00:00,2544.803199505361
eth-usd,2024-01-17T07:00:00,2539.843981668298
eth-usd,2024-01-17T08:00:00,2544.351811526846
eth-usd,2024-01-17T09:00:00,2551.743359690982
eth-usd,2024-01-17T10:00:00,2548.0964854365525
eth-usd,2024-01-17T11:00:00,2533.469790402638
eth-usd,2024-01-17T12:00:00,2528.1070256455023
eth-usd,2024-01-17T13:00:00,2526.251094364395
eth-usd,2024-01-17T14:00:00,2532.2681033375475
eth-usd,2024-01-17T15:00:00,2534.357973694848
eth-usd,2024-01-17T16:00:00,2531.925036212047
eth-usd,2024-01-17T17:00:00,2514.873868218051
eth-usd,2024-01-17T18:00:00,2523.2775621399282
eth-usd,2024-01-17T19:00:00,2526.6637092000115
eth-usd,2024-01-17T20:00:00,2516.1738363560494
eth-usd,2024-01-17T21:00:00,2525.664810102095
eth-usd,2024-01-17T22:00:00,2526.3351653093573
eth-usd,2024-01-17T23:00:00,2530.2891127307653
eth-usd,2024-01-18T00:00:00,2525.7697190602266
eth-usd,2024-01-18T01:00:00,2527.7511147141736
eth-usd,2024-01-18T02:00:00,2533.0440477930283
eth-usd,2024-01-18T03:00:00,2537.2956090023513
eth-usd,2024-01-18T04:00:00,2541.936991815373
eth-usd,2024-01-18T05:00:00,2522.131863970264
eth-usd,2024-01-18T06:00:00,2516.78613542778
eth-usd,2024-01-18T07:00:00,2512.1521216223564
eth-usd,2024-01-18T08:00:00,2509.8283181721404
eth-usd,2024-01-18T09:00:00,2521.036729028683
eth-usd,2024-01-18T10:00:00,2527.265445798894
eth-usd,2024-01-18T11:00:00,2492.8118243412573
eth-usd,2024-01-18T12:00:00,2478.532777490395
eth-usd,2024-01-18T13:00:00,2463.5488244355133
eth-usd,2024-01-18T14:00:00,2450.956512089877
eth-usd,2024-01-18T15:00:00,2440.433855036371
eth-usd,2024-01-18T16:00:00,2450.69763872432
eth-usd,2024-01-18T17:00:00,2461.185202757037
eth-usd,2024-01-18T18:00:00,2466.128723759417
eth-usd,2024-01-18T19:00:00,2465.2511665715624
eth-usd,2024-01-18T20:00:00,2461.5071219601055
eth-usd,2024-01-18T21:00:00,2454.9369970104217
eth-usd,2024-01-18T22:00:00,2449.238791848586
eth-usd,2024-01-18T23:00:00,2458.8957780445735
eth-usd,2024-01-19T00:00:00,2462.1553423439896
eth-usd,2024-01-19T01:00:00,2464.2013660682287
eth-usd,2024-01-19T02:00:00,2466.7621551255047
eth-usd,2024-01-19T03:00:00,2463.7121293934465
eth-usd,2024-01-19T04:00:00,2475.288046723496
eth-usd,2024-01-19T05:00:00,2485.644128599907
eth-usd,2024-01-19T06:00:00,2486.3815853568753
eth-usd,2024-01-19T07:00:00,2482.6477832273936
eth-usd,2024-01-19T08:00:00,2487.022367645993
eth-usd,2024-01-19T09:00:00,2479.315908843059
eth-usd,2024-01-19T10:00:00,2466.0771604138304
eth-usd,2024-01-19T11:00:00,2436.260062850904
eth-usd,2024-01-19T12:00:00,2443.190790768139
eth-usd,2024-01-19T13:00:00,2480.0806482157172
eth-usd,2024-01-19T14:00:00,2488.5949826279934
eth-usd,2024-01-19T15:00:00,2490.364611288141
eth-usd,2024-01-19T16:00:00,2484.0000534450796
eth-usd,2024-01-19T17:00:00,2484.9455209731927
eth-usd,2024-01-19T18:00:00,2489.9682175312587
eth-usd,2024-01-19T19:00:00,2481.398514865926
eth-usd,2024-01-19T20:00:00,2482.500240781793
eth-usd,2024-01-19T21:00:00,2481.865371120852
eth-usd,2024-01-19T22:00:00,2478.8309603909324
eth-usd,2024-01-19T23:00:00,2479.776489846791
eth-usd,2024-01-20T00:00:00,2477.8259755335616
eth-usd,2024-01-20T01:00:00,2478.987554365325
eth-usd,2024-01-20T02:00:00,2481.720638139302
eth-usd,2024-01-20T03:00:00,2473.9173334235325
eth-usd,2024-01-20T04:00:00,2468.011452126424
eth-usd,2024-01-20T05:00:00,2468.8033458013356
eth-usd,2024-01-20T06:00:00,2467.655833946073
eth-usd,2024-01-20T07:00:00,2469.174961210349
eth-usd,2024-01-20T08:00:00,2469.627165841047
eth-usd,2024-01-20T09:00:00,2464.408861037444
eth-usd,2024-01-20T10:00:00,2464.4331699799473
eth-usd,2024-01-20T11:00:00,2460.0876942090326
eth-usd,2024-01-20T12:00:00,2458.4889831137934
eth-usd,2024-01-20T13:00:00,2456.109507806471
eth-usd,2024-01-20T14:00:00,2458.7456551078017
eth-usd,2024-01-20T15:00:00,2465.5336306752865
eth-usd,2024-01-20T16:00:00,2467.3935707811625
eth-usd,2024-01-20T17:00:00,2467.635318004894
eth-usd,2024-01-20T18:00:00,2469.98426270426
eth-usd,2024-01-20T19:00:00,2466.739966621336
eth-usd,2024-01-20T20:00:00,2466.5314317436782
eth-usd,2024-01-20T21:00:00,2472.252889061244
eth-usd,2024-01-20T22:00:00,2475.978417515113
eth-usd,2024-01-20T23:00:00,2472.4806563575207
eth-usd,2024-01-21T00:00:00,2472.675539973354
eth-usd,2024-01-21T01:00:00,2470.2557480021014
eth-usd,2024-01-21T02:00:00,2470.4079425500468
eth-usd,2024-01-21T03:00:00,2474.6757609609353
eth-usd,2024-01-21T04:00:00,2474.4774348483097
eth-usd,2024-01-21T05:00:00,2478.2133582490924
eth-usd,2024-01-21T06:00:00,2474.5722316191104
eth-usd,2024-01-21T07:00:00,2471.5363329340466
eth-usd,2024-01-21T08:00:00,2475.062918723549
eth-usd,2024-01-21T09:00:00,2476.8703384351347
eth-usd,2024-01-21T10:00:00,2470.5958217410853
eth-usd,2024-01-21T11:00:00,2467.9323916404983
eth-usd,2024-01-21T12:00:00,2473.0699048484057
eth-usd,2024-01-21T13:00:00,2474.0785034958963
eth-usd,2024-01-21T14:00:00,2471.4426933743507
eth-usd,2024-01-21T15:00:00,2470.7236318811383
eth-usd,2024-01-21T16:00:00,2468.370425814757
eth-usd,2024-01-21T17:00:00,2464.4489777426475
eth-usd,2024-01-21T18:00:00,2454.6728286207153
eth-usd,2024-01-21T19:00:00,2456.546155967985
eth-usd,2024-01-21T20:00:00,2443.921059636222
eth-usd,2024-01-21T21:00:00,2436.888992200663
eth-usd,2024-01-21T22:00:00,2430.0545194202373
eth-usd,2024-01-21T23:00:00,2422.432435990972
eth-usd,2024-01-22T00:00:00,2414.274641894127
eth-usd,2024-01-22T01:00:00,2425.7183191043114
eth-usd,2024-01-22T02:00:00,2422.939024394318
eth-usd,2024-01-22T03:00:00,2404.928131337855
eth-usd,2024-01-22T04:00:00,2399.9323521727656
eth-usd,2024-01-22T05:00:00,2374.0641007654094
eth-usd,2024-01-22T06:00:00,2382.0853423370854
eth-usd,2024-01-22T07:00:00,2372.770257517198
eth-usd,2024-01-22T08:00:00,2389.700030911395
eth-usd,2024-01-22T09:00:00,2369.789424185166
eth-usd,2024-01-22T10:00:00,2363.9455332150974
eth-usd,2024-01-22T11:00:00,2368.0601497344646
eth-usd,2024-01-22T12:00:00,2369.536245436959
eth-usd,2024-01-22T13:00:00,2366.750020662961
eth-usd,2024-01-22T14:00:00,2329.936266273616
eth-usd,2024-01-22T15:00:00,2334.0582317855815
eth-usd,2024-01-22T16:00:00,2329.2826641553975
eth-usd,2024-01-22T17:00:00,2317.8818682405795
eth-usd,2024-01-22T18:00:00,2313.1150195559376
eth-usd,2024-01-22T19:00:00,2320.442019312408
eth-usd,2024-01-22T20:00:00,2326.9892795087844
eth-usd,2024-01-22T21:00:00,2332.5358054236062
eth-usd,2024-01-22T22:00:00,2337.4605882903747
eth-usd,2024-01-22T23:00:00,2345.0986752050076
eth-usd,2024-01-23T00:00:00,2344.568471823832
eth-usd,2024-01-23T01:00:00,2344.579516247487
eth-usd,2024-01-23T02:00:00,2328.2203284877673
eth-usd,2024-01-23T03:00:00,2302.389472739654
eth-usd,2024-01-23T04:00:00,2246.8821654384833
eth-usd,2024-01-23T05:00:00,2226.5545419942564
eth-usd,2024-01-23T06:00:00,2217.625072935088
eth-usd,2024-01-23T07:00:00,2211.089522451101
eth-usd,2024-01-23T08:00:00,2208.555303449827
eth-usd,2024-01-23T09:00:00,2183.03057794651
eth-usd,2024-01-23T10:00:00,2210.237013439353
eth-usd,2024-01-23T11:00:00,2202.30073055395
eth-usd,2024-01-23T12:00:00,2218.109737009826
eth-usd,2024-01-23T13:00:00,2209.0200859376655
eth-usd,2024-01-23T14:00:00,2187.319550043959
eth-usd,2024-01-23T15:00:00,2194.119234184091
eth-usd,2024-01-23T16:00:00,2196.2736586337423
eth-usd,2024-01-23T17:00:00,2218.4543894370736
eth-usd,2024-01-23T18:00:00,2236.1527513124975
eth-usd,2024-01-23T19:00:00,2241.654457291427
eth-usd,2024-01-23T20:00:00,2228.842389659564
eth-usd,2024-01-23T21:00:00,2225.568319272327
eth-usd,2024-01-23T22:00:00,2215.1444454578846
eth-usd,2024-01-23T23:00:00,2215.2152628389417
eth-usd,2024-01-24T00:00:00,2222.1099271442686
eth-usd,2024-01-24T01:00:00,2225.626901119526
eth-usd,2024-01-24T02:00:00,2235.261448035892
eth-usd,2024-01-24T03:00:00,2233.1702456454377
eth-usd,2024-01-24T04:00:00,2238.0709287641657
eth-usd,2024-01-24T05:00:00,2248.82092330819
eth-usd,2024-01-24T06:00:00,2243.8531845034017
eth-usd,2024-01-24T07:00:00,2240.080831999838
eth-usd,2024-01-24T08:00:00,2231.0771644665565
eth-usd,2024-01-24T09:00:00,2227.382694766957
eth-usd,2024-01-24T10:00:00,2232.151398514562
eth-usd,2024-01-24T11:00:00,2233.5485841797868
eth-usd,2024-01-24T12:00:00,2235.810924609287
eth-usd,2024-01-24T13:00:00,2216.3897390306315
eth-usd,2024-01-24T14:00:00,2213.3133638431323
eth-usd,2024-01-24T15:00:00,2208.3911090739166
eth-usd,2024-01-24T16:00:00,2206.6022954613313
eth-usd,2024-01-24T17:00:00,2218.4681901166723
eth-usd,2024-01-24T18:00:00,2231.2080680268186
eth-usd,2024-01-24T19:00:00,2232.7565216862404
eth-usd,2024-01-24T20:00:00,2221.780094126574
eth-usd,2024-01-24T21:00:00,2213.2544210522674
eth-usd,2024-01-24T22:00:00,2214.9945105133347
eth-usd,2024-01-24T23:00:00,2213.671268253434
eth-usd,2024-01-25T00:00:00,2206.8849409010822
eth-usd,2024-01-25T01:00:00,2215.859289331826
eth-usd,2024-01-25T02:00:00,2222.1310911487903
eth-usd,2024-01-25T03:00:00,2224.2980543982985
eth-usd,2024-01-25T04:00:00,2224.533537902348
eth-usd,2024-01-25T05:00:00,2228.9961616884048
eth-usd,2024-01-25T06:00:00,2234.8794393683274
eth-usd,2024-01-25T07:00:00,2215.2787686855763
eth-usd,2024-01-25T08:00:00,2203.5612842461796
eth-usd,2024-01-25T09:00:00,2208.386358091656
eth-usd,2024-01-25T10:00:00,2193.5365214424687
eth-usd,2024-01-25T11:00:00,2187.418692590842
eth-usd,2024-01-25T12:00:00,2185.1129744958644
eth-usd,2024-01-25T13:00:00,2211.0394638259913
eth-usd,2024-01-25T14:00:00,2213.492944396034
eth-usd,2024-01-25T15:00:00,2216.9813309963833
eth-usd,2024-01-25T16:00:00,2222.941034810227
eth-usd,2024-01-25T17:00:00,2215.8107711575963
eth-usd,2024-01-25T18:00:00,2219.0359148056486
eth-usd,2024-01-25T19:00:00,2214.128945125859
eth-usd,2024-01-25T20:00:00,2218.2445263468667
eth-usd,2024-01-25T21:00:00,2229.7336903313035
eth-usd,2024-01-25T22:00:00,2223.7958452493453
eth-usd,2024-01-25T23:00:00,2223.9547828287664
eth-usd,2024-01-26T00:00:00,2221.0724134268376
eth-usd,2024-01-26T01:00:00,2217.1181988440294
eth-usd,2024-01-26T02:00:00,2203.2705969897524
eth-usd,2024-01-26T03:00:00,2206.708455579876
eth-usd,2024-01-26T04:00:00,2214.380683878904
eth-usd,2024-01-26T05:00:00,2223.9337667790805
eth-usd,2024-01-26T06:00:00,2249.2801593626996
eth-usd,2024-01-26T07:00:00,2251.953873995914
eth-usd,2024-01-26T08:00:00,2243.2747823596324
eth-usd,2024-01-26T09:00:00,2248.6755010955794
eth-usd,2024-01-26T10:00:00,2254.2217703640663
eth-usd,2024-01-26T11:00:00,2269.9060955289833
eth-usd,2024-01-26T12:00:00,2271.8502668419887
eth-usd,2024-01-26T13:00:00,2266.9816210891768
eth-usd,2024-01-26T14:00:00,2259.9874015999853
eth-usd,2024-01-26T15:00:00,2256.777033630522
eth-usd,2024-01-26T16:00:00,2256.403614707642
eth-usd,2024-01-26T17:00:00,2263.446078305458
eth-usd,2024-01-26T18:00:00,2266.696986030799
eth-usd,2024-01-26T19:00:00,2272.939851399883
eth-usd,2024-01-26T20:00:00,2274.478697940863
eth-usd,2024-01-26T21:00:00,2272.339641130885
eth-usd,2024-01-26T22:00:00,2273.7026942489915
eth-usd,2024-01-26T23:00:00,2274.164861421874
eth-usd,2024-01-27T00:00:00,2267.0630909356832
eth-usd,2024-01-27T01:00:00,2264.7576899960936
eth-usd,2024-01-27T02:00:00,2259.312866517575
eth-usd,2024-01-27T03:00:00,2254.63769565622
eth-usd,2024-01-27T04:00:00,2260.2849063509098
eth-usd,2024-01-27T05:00:00,2266.557344034952
eth-usd,2024-01-27T06:00:00,2265.1806875083057
eth-usd,2024-01-27T07:00:00,2265.061401402642
eth-usd,2024-01-27T08:00:00,2265.20615827525
eth-usd,2024-01-27T09:00:00,2269.6625381751596
eth-usd,2024-01-27T10:00:00,2270.0895713577975
eth-usd,2024-01-27T11:00:00,2269.2059239978475
eth-usd,2024-01-27T12:00:00,2265.1133642256113
eth-usd,2024-01-27T13:00:00,2267.7218655070383
eth-usd,2024-01-27T14:00:00,2272.5661744263034
eth-usd,2024-01-27T15:00:00,2271.70264017491
eth-usd,2024-01-27T16:00:00,2271.0425657507944
eth-usd,2024-01-27T17:00:00,2268.4551079696394
eth-usd,2024-01-27T18:00:00,2265.2401712392298
eth-usd,2024-01-27T19:00:00,2266.0944447174725
eth-usd,2024-01-27T20:00:00,2280.1074571575896
eth-usd,2024-01-27T21:00:00,2280.164947027314
eth-usd,2024-01-27T22:00:00,2282.2053229094354
eth-usd,2024-01-27T23:00:00,2292.3658566995837
eth-usd,2024-01-28T00:00:00,2297.531408111046
eth-usd,2024-01-28T01:00:00,2287.3070974772054
eth-usd,2024-01-28T02:00:00,2287.7179127777235
eth-usd,2024-01-28T03:00:00,2284.7430334996725
eth-usd,2024-01-28T04:00:00,2293.2751675679892
eth-usd,2024-01-28T05:00:00,2292.3538438397563
eth-usd,2024-01-28T06:00:00,2283.203896192821
eth-usd,2024-01-28T07:00:00,2274.7329541445956
eth-usd,2024-01-28T08:00:00,2277.0366172434483
eth-usd,2024-01-28T09:00:00,2276.3190139206563
eth-usd,2024-01-28T10:00:00,2269.8475508703787
eth-usd,2024-01-28T11:00:00,2271.4768068006542
eth-usd,2024-01-28T12:00:00,2267.463799205554
eth-usd,2024-01-28T13:00:00,2262.8585951338764
eth-usd,2024-01-28T14:00:00,2255.6087894739526
eth-usd,2024-01-28T15:00:00,2255.7220104586513
eth-usd,2024-01-28T16:00:00,2261.6879152995252
eth-usd,2024-01-28T17:00:00,2250.4589933443553
eth-usd,2024-01-28T18:00:00,2251.1216174062415
eth-usd,2024-01-28T19:00:00,2255.7792547856216
eth-usd,2024-01-28T20:00:00,2267.026678019037
eth-usd,2024-01-28T21:00:00,2267.1275715602915
eth-usd,2024-01-28T22:00:00,2273.5282915183902
eth-usd,2024-01-28T23:00:00,2269.356866260861
eth-usd,2024-01-29T00:00:00,2266.2651158196977
eth-usd,2024-01-29T01:00:00,2266.5258562954223
eth-usd,2024-01-29T02:00:00,2262.646281976875
eth-usd,2024-01-29T03:00:00,2258.3980244233903
eth-usd,2024-01-29T04:00:00,2262.25012515827
eth-usd,2024-01-29T05:00:00,2272.9493773804807
eth-usd,2024-01-29T06:00:00,2268.959569530346
eth-usd,2024-01-29T07:00:00,2261.5126100051307
eth-usd,2024-01-29T08:00:00,2247.6512220399786
eth-usd,2024-01-29T09:00:00,2242.7656533625113
eth-usd,2024-01-29T10:00:00,2253.625910214475
eth-usd,2024-01-29T11:00:00,2283.83911728169
eth-usd,2024-01-29T12:00:00,2303.312909235389
eth-usd,2024-01-29T13:00:00,2302.322032605717
eth-usd,2024-01-29T14:00:00,2300.309889988432
eth-usd,2024-01-29T15:00:00,2299.190878861204
eth-usd,2024-01-29T16:00:00,2306.554545505372
eth-usd,2024-01-29T17:00:00,2314.8635559637964
eth-usd,2024-01-29T18:00:00,2314.480966859572
eth-usd,2024-01-29T19:00:00,2311.143541556465
eth-usd,2024-01-29T20:00:00,2314.933465675339
eth-usd,2024-01-29T21:00:00,2320.994307685449
eth-usd,2024-01-29T22:00:00,2314.0437187013263
eth-usd,2024-01-29T23:00:00,2310.7922783637664
eth-usd,2024-01-30T00:00:00,2307.9631806420985
eth-usd,2024-01-30T01:00:00,2304.4968713859303
eth-usd,2024-01-30T02:00:00,2308.5755120844565
eth-usd,2024-01-30T03:00:00,2307.0054848829195
eth-usd,2024-01-30T04:00:00,2305.6620024700314
eth-usd,2024-01-30T05:00:00,2309.4512220626593
eth-usd,2024-01-30T06:00:00,2313.3561200338368
eth-usd,2024-01-30T07:00:00,2316.099857215446
eth-usd,2024-01-30T08:00:00,2303.6142387509544
eth-usd,2024-01-30T09:00:00,2306.530731407313
eth-usd,2024-01-30T10:00:00,2330.0686721200177
eth-usd,2024-01-30T11:00:00,2352.3288751346254
eth-usd,2024-01-30T12:00:00,2375.586145657608
eth-usd,2024-01-30T13:00:00,2372.034544962997
eth-usd,2024-01-30T14:00:00,2373.174491433113
eth-usd,2024-01-30T15:00:00,2380.3268653096725
eth-usd,2024-01-30T16:00:00,2380.492589201611
eth-usd,2024-01-30T17:00:00,2373.279270160955
eth-usd,2024-01-30T18:00:00,2353.679237571334
eth-usd,2024-01-30T19:00:00,2341.419350684589
eth-usd,2024-01-30T20:00:00,2334.3133527538434
eth-usd,2024-01-30T21:00:00,2333.3734516618993
eth-usd,2024-01-30T22:00:00,2340.6953814004305
eth-usd,2024-01-30T23:00:00,2339.2389537227173
eth-usd,2024-01-31T00:00:00,2337.7709999570898
eth-usd,2024-01-31T01:00:00,2334.9602444728357
eth-usd,2024-01-31T02:00:00,2336.697765229986
eth-usd,2024-01-31T03:00:00,2337.9607320405353
eth-usd,2024-01-31T04:00:00,2320.7894372844617
eth-usd,2024-01-31T05:00:00,2299.2152760172708
eth-usd,2024-01-31T06:00:00,2290.625934418653
eth-usd,2024-01-31T07:00:00,2301.112202231371
eth-usd,2024-01-31T08:00:00,2305.421838036375
eth-usd,2024-01-31T09:00:00,2304.8885816328284
eth-usd,2024-01-31T10:00:00,2314.095867169231
eth-usd,2024-01-31T11:00:00,2331.904326036369
eth-usd,2024-01-31T12:00:00,2341.886190680468
eth-usd,2024-01-31T13:00:00,2337.497877021746
eth-usd,2024-01-31T14:00:00,2322.983846193308
eth-usd,2024-01-31T15:00:00,2301.452129733247
eth-usd,2024-01-31T16:00:00,2277.201051605081
eth-usd,2024-01-31T17:00:00,2279.454534457255
eth-usd,2024-01-31T18:00:00,2283.663266457286
eth-usd,2024-01-31T19:00:00,2282.032763652862
eth-usd,2024-01-31T20:00:00,2254.60708272894
eth-usd,2024-01-31T21:00:00,2250.3749674825385
eth-usd,2024-01-31T22:00:00,2257.3977612830586
eth-usd,2024-01-31T23:00:00,2258.2525616077096
eth-usd,2024-02-01T00:00:00,2263.0874242583845
eth-usd,2024-02-01T01:00:00,2268.9241029459863
eth-usd,2024-02-01T02:00:00,2272.2693585162488
eth-usd,2024-02-01T03:00:00,2268.5647579636066
eth-usd,2024-02-01T04:00:00,2267.5795278820724
eth-usd,2024-02-01T05:00:00,2268.072613016613
eth-usd,2024-02-01T06:00:00,2266.163653553126
eth-usd,2024-02-01T07:00:00,2266.9267689275184
eth-usd,2024-02-01T08:00:00,2269.074155022285
eth-usd,2024-02-01T09:00:00,2284.8451707570307
eth-usd,2024-02-01T10:00:00,2297.981850301992
eth-usd,2024-02-01T11:00:00,2282.7431001108325
eth-usd,2024-02-01T12:00:00,2301.5607844158126
eth-usd,2024-02-01T13:00:00,2298.544877532474
eth-usd,2024-02-01T14:00:00,2299.4728062262748
eth-usd,2024-02-01T15:00:00,2300.753593834492
eth-usd,2024-02-01T16:00:00,2302.243900851294
eth-usd,2024-02-01T17:00:00,2296.4692934695668
eth-usd,2024-02-01T18:00:00,2298.11098293454
eth-usd,2024-02-01T19:00:00,2310.9683803309
eth-usd,2024-02-01T20:00:00,2310.79439963518
eth-usd,2024-02-01T21:00:00,2302.4441519291495
eth-usd,2024-02-01T22:00:00,2302.052941732053
eth-usd,2024-02-01T23:00:00,2300.08255714178
eth-usd,2024-02-02T00:00:00,2299.5492070350856
eth-usd,2024-02-02T01:00:00,2306.732709120892
eth-usd,2024-02-02T02:00:00,2312.943936787026
eth-usd,2024-02-02T03:00:00,2309.7515848822914
eth-usd,2024-02-02T04:00:00,2309.3198238386335
eth-usd,2024-02-02T05:00:00,2308.007343406763
eth-usd,2024-02-02T06:00:00,2314.367850430065
eth-usd,2024-02-02T07:00:00,2318.329570237437
eth-usd,2024-02-02T08:00:00,2297.536894998752
eth-usd,2024-02-02T09:00:00,2286.0643182201393
eth-usd,2024-02-02T10:00:00,2303.3472190998364
eth-usd,2024-02-02T11:00:00,2311.0944927496184
eth-usd,2024-02-02T12:00:00,2302.3841932253945
eth-usd,2024-02-02T13:00:00,2291.9104159057624
eth-usd,2024-02-02T14:00:00,2295.4959007097564
eth-usd,2024-02-02T15:00:00,2298.680597171787
eth-usd,2024-02-02T16:00:00,2298.264067587332
eth-usd,2024-02-02T17:00:00,2303.670388995457
eth-usd,2024-02-02T18:00:00,2306.32850728269
eth-usd,2024-02-02T19:00:00,2312.9049571733913
eth-usd,2024-02-02T20:00:00,2323.04455221716
eth-usd,2024-02-02T21:00:00,2321.8985763389705
eth-usd,2024-02-02T22:00:00,2321.7248717764687
eth-usd,2024-02-02T23:00:00,2321.0440344231074
eth-usd,2024-02-03T00:00:00,2321.3998439206084
eth-usd,2024-02-03T01:00:00,2320.2047794820946
eth-usd,2024-02-03T02:00:00,2317.020339410644
eth-usd,2024-02-03T03:00:00,2311.0884482294236
eth-usd,2024-02-03T04:00:00,2311.917835225869
eth-usd,2024-02-03T05:00:00,2312.42874104698
eth-usd,2024-02-03T06:00:00,2304.105773974266
eth-usd,2024-02-03T07:00:00,2304.2619844665724
eth-usd,2024-02-03T08:00:00,2304.954062832301
eth-usd,2024-02-03T09:00:00,2303.0699291843
eth-usd,2024-02-03T10:00:00,2299.287199929472
eth-usd,2024-02-03T11:00:00,2307.3866881839026
eth-usd,2024-02-03T12:00:00,2307.5703115643983
eth-usd,2024-02-03T13:00:00,2302.4338761857553
eth-usd,2024-02-03T14:00:00,2299.9360746784146
eth-usd,2024-02-03T15:00:00,2301.813904152823
eth-usd,2024-02-03T16:00:00,2300.331380334523
eth-usd,2024-02-03T17:00:00,2298.339578492449
eth-usd,2024-02-03T18:00:00,2295.6358370557905
eth-usd,2024-02-03T19:00:00,2293.960099910237
eth-usd,2024-02-03T20:00:00,2300.5005382010672
eth-usd,2024-02-03T21:00:00,2302.6709152550748
eth-usd,2024-02-03T22:00:00,2303.107462741445
eth-usd,2024-02-03T23:00:00,2297.4879683958966
eth-usd,2024-02-04T00:00:00,2299.9903542457178
eth-usd,2024-02-04T01:00:00,2292.7537144681196
eth-usd,2024-02-04T02:00:00,2289.421658811302
eth-usd,2024-02-04T03:00:00,2290.421391363199
eth-usd,2024-02-04T04:00:00,2297.6579586715684
eth-usd,2024-02-04T05:00:00,2299.974438104791
eth-usd,2024-02-04T06:00:00,2305.6155849911374
eth-usd,2024-02-04T07:00:00,2306.2261836812163
eth-usd,2024-02-04T08:00:00,2303.710678573285
eth-usd,2024-02-04T09:00:00,2302.501103254214
eth-usd,2024-02-04T10:00:00,2301.0276108597977
eth-usd,2024-02-04T11:00:00,2300.1944669680606
eth-usd,2024-02-04T12:00:00,2303.693089923513
eth-usd,2024-02-04T13:00:00,2301.5321081779516
eth-usd,2024-02-04T14:00:00,2276.966245708991
eth-usd,2024-02-04T15:00:00,2293.002540504109
eth-usd,2024-02-04T16:00:00,2303.8626653564065
eth-usd,2024-02-04T17:00:00,2287.762875385817
eth-usd,2024-02-04T18:00:00,2287.8061102996166
eth-usd,2024-02-04T19:00:00,2283.615555126121
eth-usd,2024-02-04T20:00:00,2275.827041613702
eth-usd,2024-02-04T21:00:00,2278.9459709751
eth-usd,2024-02-04T22:00:00,2284.8755826665365
eth-usd,2024-02-04T23:00:00,2293.604343376491
eth-usd,2024-02-05T00:00:00,2290.289952341534
eth-usd,2024-02-05T01:00:00,2294.9677818689897
eth-usd,2024-02-05T02:00:00,2304.0323611348367
eth-usd,2024-02-05T03:00:00,2315.027832699779
eth-usd,2024-02-05T04:00:00,2316.1160892150333
eth-usd,2024-02-05T05:00:00,2324.9568006410395
eth-usd,2024-02-05T06:00:00,2324.2715984622823
eth-usd,2024-02-05T07:00:00,2324.738360094618
eth-usd,2024-02-05T08:00:00,2328.02097229154
eth-usd,2024-02-05T09:00:00,2322.6626458097326
eth-usd,2024-02-05T10:00:00,2305.589047862443
eth-usd,2024-02-05T11:00:00,2292.844266811975
eth-usd,2024-02-05T12:00:00,2297.9309657468684
eth-usd,2024-02-05T13:00:00,2295.2695414714685
eth-usd,2024-02-05T14:00:00,2303.893838799325
eth-usd,2024-02-05T15:00:00,2289.429046562592
eth-usd,2024-02-05T16:00:00,2287.348062757938
eth-usd,2024-02-05T17:00:00,2289.2392172006403
eth-usd,2024-02-05T18:00:00,2294.2284636511463
eth-usd,2024-02-05T19:00:00,2298.1609889359333
eth-usd,2024-02-05T20:00:00,2303.46510029927
eth-usd,2024-02-05T21:00:00,2319.165038196185
eth-usd,2024-02-05T22:00:00,2319.595585239836
eth-usd,2024-02-05T23:00:00,2312.7333530999294
eth-usd,2024-02-06T00:00:00,2308.7499182490737
eth-usd,2024-02-06T01:00:00,2309.5488829762835
eth-usd,2024-02-06T02:00:00,2316.594423645537
eth-usd,2024-02-06T03:00:00,2328.6595296986407
eth-usd,2024-02-06T04:00:00,2330.658376211069
eth-usd,2024-02-06T05:00:00,2330.1347666508045
eth-usd,2024-02-06T06:00:00,2320.9854052994174
eth-usd,2024-02-06T07:00:00,2319.883003145896
eth-usd,2024-02-06T08:00:00,2331.869267964974
eth-usd,2024-02-06T09:00:00,2337.432131106072
eth-usd,2024-02-06T10:00:00,2337.48289496344
eth-usd,2024-02-06T11:00:00,2350.2536913306567
eth-usd,2024-02-06T12:00:00,2354.969544757626
eth-usd,2024-02-06T13:00:00,2356.15632180021
eth-usd,2024-02-06T14:00:00,2370.147466595369
eth-usd,2024-02-06T15:00:00,2384.8583144199542
eth-usd,2024-02-06T16:00:00,2382.076378873687
eth-usd,2024-02-06T17:00:00,2380.3926120486726
eth-usd,2024-02-06T18:00:00,2376.5267998596732
eth-usd,2024-02-06T19:00:00,2380.725880268205
eth-usd,2024-02-06T20:00:00,2381.750108205469
eth-usd,2024-02-06T21:00:00,2376.394306159899
eth-usd,2024-02-06T22:00:00,2368.876989163082
eth-usd,2024-02-06T23:00:00,2360.5752872192393
eth-usd,2024-02-07T00:00:00,2362.254775341498
eth-usd,2024-02-07T01:00:00,2361.182140518419
eth-usd,2024-02-07T02:00:00,2361.9016701954793
eth-usd,2024-02-07T03:00:00,2359.449509226691
eth-usd,2024-02-07T04:00:00,2368.988565327504
eth-usd,2024-02-07T05:00:00,2363.011598598965
eth-usd,2024-02-07T06:00:00,2358.447135360881
eth-usd,2024-02-07T07:00:00,2366.3889951337774
eth-usd,2024-02-07T08:00:00,2370.7337274339775
eth-usd,2024-02-07T09:00:00,2373.9464265362258
eth-usd,2024-02-07T10:00:00,2365.6953537988757
eth-usd,2024-02-07T11:00:00,2386.3940919539327
eth-usd,2024-02-07T12:00:00,2413.2731505484235
eth-usd,2024-02-07T13:00:00,2411.77626031421
eth-usd,2024-02-07T14:00:00,2419.4775693484544
eth-usd,2024-02-07T15:00:00,2434.8899600752134
eth-usd,2024-02-07T16:00:00,2432.5689685602756
eth-usd,2024-02-07T17:00:00,2427.1535503049868
eth-usd,2024-02-07T18:00:00,2425.459833508967
eth-usd,2024-02-07T19:00:00,2429.63322667248
eth-usd,2024-02-07T20:00:00,2437.934300228528
eth-usd,2024-02-07T21:00:00,2435.670099045041
eth-usd,2024-02-07T22:00:00,2434.348791160108
eth-usd,2024-02-07T23:00:00,2429.948312072386
eth-usd,2024-02-08T00:00:00,2425.023911295023
eth-usd,2024-02-08T01:00:00,2420.970677944722
eth-usd,2024-02-08T02:00:00,2418.0813822367227
eth-usd,2024-02-08T03:00:00,2423.118093764367
eth-usd,2024-02-08T04:00:00,2422.462659497678
eth-usd,2024-02-08T05:00:00,2424.5852681429715
eth-usd,2024-02-08T06:00:00,2420.7991071365764
eth-usd,2024-02-08T07:00:00,2421.6984088484955
eth-usd,2024-02-08T08:00:00,2420.0605527322978
eth-usd,2024-02-08T09:00:00,2431.923481788137
eth-usd,2024-02-08T10:00:00,2451.097264548573
eth-usd,2024-02-08T11:00:00,2435.322170015085
eth-usd,2024-02-08T12:00:00,2426.5052256326294
eth-usd,2024-02-08T13:00:00,2427.868542691147
eth-usd,2024-02-08T14:00:00,2426.9079859009753
eth-usd,2024-02-08T15:00:00,2428.0312100527995
eth-usd,2024-02-08T16:00:00,2425.5944742304937
eth-usd,2024-02-08T17:00:00,2427.2099833774555
eth-usd,2024-02-08T18:00:00,2423.0832543291303
eth-usd,2024-02-08T19:00:00,2421.1950791989298
eth-usd,2024-02-08T20:00:00,2425.32938552462
eth-usd,2024-02-08T21:00:00,2442.479800931825
eth-usd,2024-02-08T22:00:00,2453.131340660049
eth-usd,2024-02-08T23:00:00,2448.996117651708
eth-usd,2024-02-09T00:00:00,2449.027716892816
eth-usd,2024-02-09T01:00:00,2450.122377081184
eth-usd,2024-02-09T02:00:00,2456.604048213573
eth-usd,2024-02-09T03:00:00,2465.5502737696665
eth-usd,2024-02-09T04:00:00,2473.142130082883
eth-usd,2024-02-09T05:00:00,2467.4153472396492
eth-usd,2024-02-09T06:00:00,2486.495519624764
eth-usd,2024-02-09T07:00:00,2510.7240997650547
eth-usd,2024-02-09T08:00:00,2516.5209443744834
eth-usd,2024-02-09T09:00:00,2499.30846709653
eth-usd,2024-02-09T10:00:00,2490.528658873308
eth-usd,2024-02-09T11:00:00,2489.037962735184
eth-usd,2024-02-09T12:00:00,2496.346443212406
eth-usd,2024-02-09T13:00:00,2510.3160908394802
eth-usd,2024-02-09T14:00:00,2489.3719599716806
eth-usd,2024-02-09T15:00:00,2492.0990047326545
eth-usd,2024-02-09T16:00:00,2495.2456780043753
eth-usd,2024-02-09T17:00:00,2499.539897797834
eth-usd,2024-02-09T18:00:00,2492.9142900199645
eth-usd,2024-02-09T19:00:00,2492.0156765925008
eth-usd,2024-02-09T20:00:00,2494.957444570291
eth-usd,2024-02-09T21:00:00,2503.3870414735184
eth-usd,2024-02-09T22:00:00,2511.7912966234567
eth-usd,2024-02-09T23:00:00,2513.3117818692067
eth-usd,2024-02-10T00:00:00,2505.907556602877
eth-usd,2024-02-10T01:00:00,2507.7858186003436
eth-usd,2024-02-10T02:00:00,2502.916643730322
eth-usd,2024-02-10T03:00:00,2495.202088725444
eth-usd,2024-02-10T04:00:00,2492.546024376631
eth-usd,2024-02-10T05:00:00,2482.312236971926
eth-usd,2024-02-10T06:00:00,2481.264545313088
eth-usd,2024-02-10T07:00:00,2488.753723491922
eth-usd,2024-02-10T08:00:00,2488.8193880755002
eth-usd,2024-02-10T09:00:00,2492.9994355741783
eth-usd,2024-02-10T10:00:00,2494.2653237864547
eth-usd,2024-02-10T11:00:00,2492.1332578371744
eth-usd,2024-02-10T12:00:00,2488.062385023149
eth-usd,2024-02-10T13:00:00,2490.7560254295277
eth-usd,2024-02-10T14:00:00,2494.4512689028056
eth-usd,2024-02-10T15:00:00,2502.4180742787808
eth-usd,2024-02-10T16:00:00,2513.2597630396663
eth-usd,2024-02-10T17:00:00,2499.5924628447556
eth-usd,2024-02-10T18:00:00,2500.885796816658
eth-usd,2024-02-10T19:00:00,2499.983960496906
eth-usd,2024-02-10T20:00:00,2508.815636842126
eth-usd,2024-02-10T21:00:00,2509.445059124228
eth-usd,2024-02-10T22:00:00,2520.538707627309
eth-usd,2024-02-10T23:00:00,2529.6768849238883
eth-usd,2024-02-11T00:00:00,2523.066890998725
eth-usd,2024-02-11T01:00:00,2528.624599070062
eth-usd,2024-02-11T02:00:00,2528.9482662289997
eth-usd,2024-02-11T03:00:00,2531.9873897378734
eth-usd,2024-02-11T04:00:00,2525.32117162144
eth-usd,2024-02-11T05:00:00,2519.834432906686
eth-usd,2024-02-11T06:00:00,2526.9842252654216
eth-usd,2024-02-11T07:00:00,2528.251283272324
eth-usd,2024-02-11T08:00:00,2518.353413892846
eth-usd,2024-02-11T09:00:00,2511.3455692047733
eth-usd,2024-02-11T10:00:00,2510.1058217630084
eth-usd,2024-02-11T11:00:00,2507.658487518914
eth-usd,2024-02-11T12:00:00,2516.0327297062313
eth-usd,2024-02-11T13:00:00,2506.4311811763946
eth-usd,2024-02-11T14:00:00,2508.572963579973
eth-usd,2024-02-11T15:00:00,2505.5779294683316
eth-usd,2024-02-11T16:00:00,2501.2103783203397
eth-usd,2024-02-11T17:00:00,2505.095007492157
eth-usd,2024-02-11T18:00:00,2502.4900059883003
eth-usd,2024-02-11T19:00:00,2514.4710780161463
eth-usd,2024-02-11T20:00:00,2510.8981237240373
eth-usd,2024-02-11T21:00:00,2505.3000120490433
eth-usd,2024-02-11T22:00:00,2501.5467175741032
eth-usd,2024-02-11T23:00:00,2497.703947350896
eth-usd,2024-02-12T00:00:00,2498.031825387028
eth-usd,2024-02-12T01:00:00,2489.54211439207
eth-usd,2024-02-12T02:00:00,2497.992536432107
eth-usd,2024-02-12T03:00:00,2498.8111154109365
eth-usd,2024-02-12T04:00:00,2481.430837363638
eth-usd,2024-02-12T05:00:00,2480.349754603518
eth-usd,2024-02-12T06:00:00,2480.992984921499
eth-usd,2024-02-12T07:00:00,2485.4081895195773
eth-usd,2024-02-12T08:00:00,2485.8989291446896
eth-usd,2024-02-12T09:00:00,2506.309627171566
eth-usd,2024-02-12T10:00:00,2541.5225729234808
eth-usd,2024-02-12T11:00:00,2549.3146458605165
eth-usd,2024-02-12T12:00:00,2592.120864653796
eth-usd,2024-02-12T13:00:00,2619.6806079704415
eth-usd,2024-02-12T14:00:00,2622.9643123898704
eth-usd,2024-02-12T15:00:00,2630.8846753043963
eth-usd,2024-02-12T16:00:00,2641.1526487498827
eth-usd,2024-02-12T17:00:00,2651.126431263126
eth-usd,2024-02-12T18:00:00,2654.6899008711894
eth-usd,2024-02-12T19:00:00,2675.2498226319844
eth-usd,2024-02-12T20:00:00,2670.4301609690137
eth-usd,2024-02-12T21:00:00,2664.368104008336
eth-usd,2024-02-12T22:00:00,2647.696829928167
eth-usd,2024-02-12T23:00:00,2645.379488509193
eth-usd,2024-02-13T00:00:00,2649.0416090959893
eth-usd,2024-02-13T01:00:00,2650.1568999617384
eth-usd,2024-02-13T02:00:00,2647.9893677425616
eth-usd,2024-02-13T03:00:00,2657.8836202881203
eth-usd,2024-02-13T04:00:00,2666.7386395203043
eth-usd,2024-02-13T05:00:00,2672.249304760592
eth-usd,2024-02-13T06:00:00,2673.0865813510914
eth-usd,2024-02-13T07:00:00,2676.4685741889134
eth-usd,2024-02-13T08:00:00,2651.3950130306985
eth-usd,2024-02-13T09:00:00,2623.9619996052443
eth-usd,2024-02-13T10:00:00,2630.2162676149337
eth-usd,2024-02-13T11:00:00,2622.914344330079
eth-usd,2024-02-13T12:00:00,2609.5605625970534
eth-usd,2024-02-13T13:00:00,2627.380229547304
eth-usd,2024-02-13T14:00:00,2624.482599604401
eth-usd,2024-02-13T15:00:00,2622.6702174512766
eth-usd,2024-02-13T16:00:00,2641.1815024288003
eth-usd,2024-02-13T17:00:00,2629.9578608301276
eth-usd,2024-02-13T18:00:00,2638.528150182198
eth-usd,2024-02-13T19:00:00,2633.3366784767145
eth-usd,2024-02-13T20:00:00,2627.47994481704
eth-usd,2024-02-13T21:00:00,2627.579975597501
eth-usd,2024-02-13T22:00:00,2639.853613531988
eth-usd,2024-02-13T23:00:00,2630.051811965506
eth-usd,2024-02-14T00:00:00,2638.220488371225
eth-usd,2024-02-14T01:00:00,2646.3119858785108
eth-usd,2024-02-14T02:00:00,2652.814069075627
eth-usd,2024-02-14T03:00:00,2685.907413681087
eth-usd,2024-02-14T04:00:00,2729.5194305782375
eth-usd,2024-02-14T05:00:00,2752.2213446956357
eth-usd,2024-02-14T06:00:00,2751.3756136161896
eth-usd,2024-02-14T07:00:00,2748.2231571263683
eth-usd,2024-02-14T08:00:00,2754.033499734066
eth-usd,2024-02-14T09:00:00,2761.4671161300944
eth-usd,2024-02-14T10:00:00,2749.563245212764
eth-usd,2024-02-14T11:00:00,2742.6171589671517
eth-usd,2024-02-14T12:00:00,2742.5963479438983
eth-usd,2024-02-14T13:00:00,2738.2776281096385
eth-usd,2024-02-14T14:00:00,2755.229871134864
eth-usd,2024-02-14T15:00:00,2763.1437075683225
eth-usd,2024-02-14T16:00:00,2772.664905252012
eth-usd,2024-02-14T17:00:00,2774.0277096184745
eth-usd,2024-02-14T18:00:00,2777.110440499261
eth-usd,2024-02-14T19:00:00,2807.687405085192
eth-usd,2024-02-14T20:00:00,2793.2950425304357
eth-usd,2024-02-14T21:00:00,2791.112987048408
eth-usd,2024-02-14T22:00:00,2797.191714777299
eth-usd,2024-02-14T23:00:00,2795.846621478109
eth-usd,2024-02-15T00:00:00,2780.7823318571877
eth-usd,2024-02-15T01:00:00,2777.646084021337
eth-usd,2024-02-15T02:00:00,2776.8318162424957
eth-usd,2024-02-15T03:00:00,2778.8015943453506
eth-usd,2024-02-15T04:00:00,2790.2859066197166
eth-usd,2024-02-15T05:00:00,2798.536431509923
eth-usd,2024-02-15T06:00:00,2796.3959873080603
eth-usd,2024-02-15T07:00:00,2791.479568390467
eth-usd,2024-02-15T08:00:00,2806.0347124057535
eth-usd,2024-02-15T09:00:00,2837.59280608817
eth-usd,2024-02-15T10:00:00,2842.002438339503
eth-usd,2024-02-15T11:00:00,2825.766030588859
eth-usd,2024-02-15T12:00:00,2826.3239492804105
eth-usd,2024-02-15T13:00:00,2823.0441162609195
eth-usd,2024-02-15T14:00:00,2822.9160519364914
eth-usd,2024-02-15T15:00:00,2831.9000686331005
eth-usd,2024-02-15T16:00:00,2820.535406183096
eth-usd,2024-02-15T17:00:00,2810.111973443572
eth-usd,2024-02-15T18:00:00,2824.0492712558816
eth-usd,2024-02-15T19:00:00,2834.7102594586718
eth-usd,2024-02-15T20:00:00,2850.5987988134757
eth-usd,2024-02-15T21:00:00,2845.6962143037995
eth-usd,2024-02-15T22:00:00,2850.0947820074025
eth-usd,2024-02-15T23:00:00,2844.97750742341
eth-usd,2024-02-16T00:00:00,2843.6743074840033
eth-usd,2024-02-16T01:00:00,2844.9340830296715
eth-usd,2024-02-16T02:00:00,2822.578445085405
eth-usd,2024-02-16T03:00:00,2821.9418453875046
eth-usd,2024-02-16T04:00:00,2809.37267281023
eth-usd,2024-02-16T05:00:00,2819.9810964514672
eth-usd,2024-02-16T06:00:00,2828.528528570347
eth-usd,2024-02-16T07:00:00,2835.4899574974434
eth-usd,2024-02-16T08:00:00,2840.2906969464775
eth-usd,2024-02-16T09:00:00,2814.2820455834085
eth-usd,2024-02-16T10:00:00,2773.847825921266
eth-usd,2024-02-16T11:00:00,2792.350000127317
eth-usd,2024-02-16T12:00:00,2777.397473316966
eth-usd,2024-02-16T13:00:00,2776.120160965793
eth-usd,2024-02-16T14:00:00,2774.983774452104
eth-usd,2024-02-16T15:00:00,2773.4832652651808
eth-usd,2024-02-16T16:00:00,2787.2565899278025
eth-usd,2024-02-16T17:00:00,2790.4774368843578
eth-usd,2024-02-16T18:00:00,2802.2463776184695
eth-usd,2024-02-16T19:00:00,2802.4165605742724
eth-usd,2024-02-16T20:00:00,2790.341819673466
eth-usd,2024-02-16T21:00:00,2790.6440726307987
eth-usd,2024-02-16T22:00:00,2791.7351330672236
eth-usd,2024-02-16T23:00:00,2792.7796880099545
eth-usd,2024-02-17T00:00:00,2786.087121234264
eth-usd,2024-02-17T01:00:00,2787.839261948423
eth-usd,2024-02-17T02:00:00,2795.063314470826
eth-usd,2024-02-17T03:00:00,2783.64798814191
eth-usd,2024-02-17T04:00:00,2774.9730133633966
eth-usd,2024-02-17T05:00:00,2772.5741662726514
eth-usd,2024-02-17T06:00:00,2782.1370370888167
eth-usd,2024-02-17T07:00:00,2782.072324242402
eth-usd,2024-02-17T08:00:00,2756.7110505348214
eth-usd,2024-02-17T09:00:00,2735.5305474014867
eth-usd,2024-02-17T10:00:00,2746.100662255258
eth-usd,2024-02-17T11:00:00,2751.0629298412305
eth-usd,2024-02-17T12:00:00,2764.718614140689
eth-usd,2024-02-17T13:00:00,2768.8064783063764
eth-usd,2024-02-17T14:00:00,2773.3071434364647
eth-usd,2024-02-17T15:00:00,2776.20471548688
eth-usd,2024-02-17T16:00:00,2789.857631984309
eth-usd,2024-02-17T17:00:00,2784.784511916882
eth-usd,2024-02-17T18:00:00,2785.444300489951
eth-usd,2024-02-17T19:00:00,2785.856380778246
eth-usd,2024-02-17T20:00:00,2789.951458717674
eth-usd,2024-02-17T21:00:00,2773.341451610855
eth-usd,2024-02-17T22:00:00,2776.566498263307
eth-usd,2024-02-17T23:00:00,2793.991738239931
eth-usd,2024-02-18T00:00:00,2800.9173325329516
eth-usd,2024-02-18T01:00:00,2788.888937643172
eth-usd,2024-02-18T02:00:00,2798.30580969512
eth-usd,2024-02-18T03:00:00,2802.4576746093157
eth-usd,2024-02-18T04:00:00,2815.840624125825
eth-usd,2024-02-18T05:00:00,2813.7826659150764
eth-usd,2024-02-18T06:00:00,2804.0503749691875
eth-usd,2024-02-18T07:00:00,2799.481889720545
eth-usd,2024-02-18T08:00:00,2792.276624881069
eth-usd,2024-02-18T09:00:00,2801.0601439252137
eth-usd,2024-02-18T10:00:00,2805.6988552176695
eth-usd,2024-02-18T11:00:00,2801.0766738267052
eth-usd,2024-02-18T12:00:00,2815.83285595947
eth-usd,2024-02-18T13:00:00,2818.0657887746
eth-usd,2024-02-18T14:00:00,2835.0243675956112
eth-usd,2024-02-18T15:00:00,2825.4665381531263
eth-usd,2024-02-18T16:00:00,2836.7284266220972
eth-usd,2024-02-18T17:00:00,2876.4276411841483
eth-usd,2024-02-18T18:00:00,2881.857194369426
eth-usd,2024-02-18T19:00:00,2879.1506676820477
eth-usd,2024-02-18T20:00:00,2865.6872422803413
eth-usd,2024-02-18T21:00:00,2880.7690612424944
eth-usd,2024-02-18T22:00:00,2883.8314035817043
eth-usd,2024-02-18T23:00:00,2893.3297113427852
eth-usd,2024-02-19T00:00:00,2894.6187289040904
eth-usd,2024-02-19T01:00:00,2921.117123757919
eth-usd,2024-02-19T02:00:00,2924.260755967419
eth-usd,2024-02-19T03:00:00,2914.057836921397
eth-usd,2024-02-19T04:00:00,2912.1519079260506
eth-usd,2024-02-19T05:00:00,2909.190597299445
eth-usd,2024-02-19T06:00:00,2912.736148599327
eth-usd,2024-02-19T07:00:00,2911.50370984491
eth-usd,2024-02-19T08:00:00,2903.7698958394426
eth-usd,2024-02-19T09:00:00,2897.7645145651522
eth-usd,2024-02-19T10:00:00,2907.655897750451
eth-usd,2024-02-19T11:00:00,2913.158884358605
eth-usd,2024-02-19T12:00:00,2921.6114421672128
eth-usd,2024-02-19T13:00:00,2942.990642313065
eth-usd,2024-02-19T14:00:00,2928.1492146288506
eth-usd,2024-02-19T15:00:00,2934.502323306094
eth-usd,2024-02-19T16:00:00,2950.0464850630365
eth-usd,2024-02-19T17:00:00,2973.9130157787267
eth-usd,2024-02-19T18:00:00,2950.45271835507
eth-usd,2024-02-19T19:00:00,2943.699437431615
eth-usd,2024-02-19T20:00:00,2921.3512761967327
eth-usd,2024-02-19T21:00:00,2921.5673554116097
eth-usd,2024-02-19T22:00:00,2918.3990683993866
eth-usd,2024-02-19T23:00:00,2916.8704783621665
eth-usd,2024-02-20T00:00:00,2928.609351158213
eth-usd,2024-02-20T01:00:00,2931.862722950124
eth-usd,2024-02-20T02:00:00,2924.1856398513883
eth-usd,2024-02-20T03:00:00,2911.3122517041793
eth-usd,2024-02-20T04:00:00,2895.159959624587
eth-usd,2024-02-20T05:00:00,2913.860715038888
eth-usd,2024-02-20T06:00:00,2932.3203508297274
eth-usd,2024-02-20T07:00:00,2941.944797627995
eth-usd,2024-02-20T08:00:00,2977.906443887168
eth-usd,2024-02-20T09:00:00,2960.3789357685932
eth-usd,2024-02-20T10:00:00,2920.5640453252367
eth-usd,2024-02-20T11:00:00,2919.006605427108
eth-usd,2024-02-20T12:00:00,2903.99251186165
eth-usd,2024-02-20T13:00:00,2918.483986410275
eth-usd,2024-02-20T14:00:00,2960.2688592312466
eth-usd,2024-02-20T15:00:00,2976.1143493377235
eth-usd,2024-02-20T16:00:00,2987.329932725854
eth-usd,2024-02-20T17:00:00,2993.2884934653734
eth-usd,2024-02-20T18:00:00,3015.4882405542908
eth-usd,2024-02-20T19:00:00,3008.923126537248
eth-usd,2024-02-20T20:00:00,2998.249589375008
eth-usd,2024-02-20T21:00:00,3002.0624492379984
eth-usd,2024-02-20T22:00:00,3006.476084590121
eth-usd,2024-02-20T23:00:00,2998.032551707535
eth-usd,2024-02-21T00:00:00,2993.8614533035625
eth-usd,2024-02-21T01:00:00,2963.9574391246592
eth-usd,2024-02-21T02:00:00,2935.826119968136
eth-usd,2024-02-21T03:00:00,2944.0780427205505
eth-usd,2024-02-21T04:00:00,2912.6916172082388
eth-usd,2024-02-21T05:00:00,2909.2012317850917
eth-usd,2024-02-21T06:00:00,2906.543884615246
eth-usd,2024-02-21T07:00:00,2908.7484204580646
eth-usd,2024-02-21T08:00:00,2906.1154181819475
eth-usd,2024-02-21T09:00:00,2890.8461856300523
eth-usd,2024-02-21T10:00:00,2901.846694451741
eth-usd,2024-02-21T11:00:00,2922.5173302613907
eth-usd,2024-02-21T12:00:00,2913.095128706775
eth-usd,2024-02-21T13:00:00,2898.9160372645492
eth-usd,2024-02-21T14:00:00,2906.080971470737
eth-usd,2024-02-21T15:00:00,2907.4874202350743
eth-usd,2024-02-21T16:00:00,2918.9956759577703
eth-usd,2024-02-21T17:00:00,2922.8945789254494
eth-usd,2024-02-21T18:00:00,2958.1316493783506
eth-usd,2024-02-21T19:00:00,2953.3813561019183
eth-usd,2024-02-21T20:00:00,2924.543464643712
eth-usd,2024-02-21T21:00:00,2918.2268353338045
eth-usd,2024-02-21T22:00:00,2929.6142212743302
eth-usd,2024-02-21T23:00:00,2928.024021601117
eth-usd,2024-02-22T00:00:00,2934.5937975758025
eth-usd,2024-02-22T01:00:00,2948.8340155457927
eth-usd,2024-02-22T02:00:00,2977.796955443023
eth-usd,2024-02-22T03:00:00,3006.20364776024
eth-usd,2024-02-22T04:00:00,3014.889625297159
eth-usd,2024-02-22T05:00:00,3006.238866273714
eth-usd,2024-02-22T06:00:00,2984.71195439573
eth-usd,2024-02-22T07:00:00,2984.5908794845855
eth-usd,2024-02-22T08:00:00,2951.3994523373053
eth-usd,2024-02-22T09:00:00,2951.519167669367
eth-usd,2024-02-22T10:00:00,2977.293506709995
eth-usd,2024-02-22T11:00:00,2971.4889885798634
eth-usd,2024-02-22T12:00:00,2981.6280891229812
eth-usd,2024-02-22T13:00:00,2988.729137487123
eth-usd,2024-02-22T14:00:00,2987.404540487745
eth-usd,2024-02-22T15:00:00,3009.6099089557138
eth-usd,2024-02-22T16:00:00,2993.611874197992
eth-usd,2024-02-22T17:00:00,2981.497553892945
eth-usd,2024-02-22T18:00:00,2974.589807899415
eth-usd,2024-02-22T19:00:00,2981.1375932944525
eth-usd,2024-02-22T20:00:00,2983.2506319173744
eth-usd,2024-02-22T21:00:00,2961.0575981826805
eth-usd,2024-02-22T22:00:00,2944.4295056978544
eth-usd,2024-02-22T23:00:00,2953.8967403127936
eth-usd,2024-02-23T00:00:00,2955.497005575743
eth-usd,2024-02-23T01:00:00,2960.5756402697216
eth-usd,2024-02-23T02:00:00,2938.6059762260925
eth-usd,2024-02-23T03:00:00,2930.9623269821686
eth-usd,2024-02-23T04:00:00,2929.813429934885
eth-usd,2024-02-23T05:00:00,2939.7427345631086
eth-usd,2024-02-23T06:00:00,2942.3864855099578
eth-usd,2024-02-23T07:00:00,2933.3813055859605
eth-usd,2024-02-23T08:00:00,2935.2491809441794
eth-usd,2024-02-23T09:00:00,2944.079865904792
eth-usd,2024-02-23T10:00:00,2927.3144030716253
eth-usd,2024-02-23T11:00:00,2919.9476333150224
eth-usd,2024-02-23T12:00:00,2938.315163080887
eth-usd,2024-02-23T13:00:00,2943.1211918914155
eth-usd,2024-02-23T14:00:00,2945.5623942920765
eth-usd,2024-02-23T15:00:00,2945.425329356545
eth-usd,2024-02-23T16:00:00,2947.2504763565353
eth-usd,2024-02-23T17:00:00,2933.6418651272143
eth-usd,2024-02-23T18:00:00,2917.210154981262
eth-usd,2024-02-23T19:00:00,2927.7924480720094
eth-usd,2024-02-23T20:00:00,2919.1617748059857
eth-usd,2024-02-23T21:00:00,2916.9803344229326
eth-usd,2024-02-23T22:00:00,2925.3066013866273
eth-usd,2024-02-23T23:00:00,2941.5036055598885
eth-usd,2024-02-24T00:00:00,2947.4735838707015
eth-usd,2024-02-24T01:00:00,2946.860508497277
eth-usd,2024-02-24T02:00:00,2952.6216329612453
eth-usd,2024-02-24T03:00:00,2954.8845942394987
eth-usd,2024-02-24T04:00:00,2956.3456411421885
eth-usd,2024-02-24T05:00:00,2958.421828561017
eth-usd,2024-02-24T06:00:00,2959.50409562963
eth-usd,2024-02-24T07:00:00,2957.2245223032983
eth-usd,2024-02-24T08:00:00,2963.1499664234834
eth-usd,2024-02-24T09:00:00,2959.1650997702677
eth-usd,2024-02-24T10:00:00,2958.6894049164976
eth-usd,2024-02-24T11:00:00,2961.6683717351493
eth-usd,2024-02-24T12:00:00,2989.0194000614015
eth-usd,2024-02-24T13:00:00,2993.293054468268
eth-usd,2024-02-24T14:00:00,2985.037407850453
eth-usd,2024-02-24T15:00:00,2985.4101733670923
eth-usd,2024-02-24T16:00:00,2984.6686106532948
eth-usd,2024-02-24T17:00:00,2990.9895918567227
eth-usd,2024-02-24T18:00:00,2988.941392982296
eth-usd,2024-02-24T19:00:00,2989.6939261369453
eth-usd,2024-02-24T20:00:00,3002.249743197222
eth-usd,2024-02-24T21:00:00,3032.695803672431
eth-usd,2024-02-24T22:00:00,3022.4026625914166
eth-usd,2024-02-24T23:00:00,3018.8014108864595
eth-usd,2024-02-25T00:00:00,3026.5577983223693
eth-usd,2024-02-25T01:00:00,3037.6304331532497
eth-usd,2024-02-25T02:00:00,3032.938135112506
eth-usd,2024-02-25T03:00:00,3030.1704372950335
eth-usd,2024-02-25T04:00:00,3017.288627687179
eth-usd,2024-02-25T05:00:00,3025.3071628395287
eth-usd,2024-02-25T06:00:00,3033.9388250647435
eth-usd,2024-02-25T07:00:00,3036.3771065629876
eth-usd,2024-02-25T08:00:00,3041.0184887740456
eth-usd,2024-02-25T09:00:00,3059.080512791085
eth-usd,2024-02-25T10:00:00,3054.7661562443327
eth-usd,2024-02-25T11:00:00,3038.935484822998
eth-usd,2024-02-25T12:00:00,3052.394460207693
eth-usd,2024-02-25T13:00:00,3059.081730233302
eth-usd,2024-02-25T14:00:00,3077.1569533025763
eth-usd,2024-02-25T15:00:00,3101.559597203231
eth-usd,2024-02-25T16:00:00,3099.0797563652277
eth-usd,2024-02-25T17:00:00,3107.6592879760065
eth-usd,2024-02-25T18:00:00,3107.314972161868
eth-usd,2024-02-25T19:00:00,3119.073113241287
eth-usd,2024-02-25T20:00:00,3111.6926089497415
eth-usd,2024-02-25T21:00:00,3103.3648967335034
eth-usd,2024-02-25T22:00:00,3094.9882449729303
eth-usd,2024-02-25T23:00:00,3101.9601873677516
eth-usd,2024-02-26T00:00:00,3104.707470414848
eth-usd,2024-02-26T01:00:00,3107.0806006181438
eth-usd,2024-02-26T02:00:00,3098.3757604597445
eth-usd,2024-02-26T03:00:00,3096.149947964956
eth-usd,2024-02-26T04:00:00,3058.3526262415653
eth-usd,2024-02-26T05:00:00,3058.9643177353
eth-usd,2024-02-26T06:00:00,3055.467299935916
eth-usd,2024-02-26T07:00:00,3052.355020631989
eth-usd,2024-02-26T08:00:00,3068.881834504049
eth-usd,2024-02-26T09:00:00,3091.9624266842907
eth-usd,2024-02-26T10:00:00,3122.123935348071
eth-usd,2024-02-26T11:00:00,3155.113046594623
eth-usd,2024-02-26T12:00:00,3154.867880133125
eth-usd,2024-02-26T13:00:00,3144.434752869749
eth-usd,2024-02-26T14:00:00,3162.91620349918
eth-usd,2024-02-26T15:00:00,3185.0122682208466
eth-usd,2024-02-26T16:00:00,3184.894425962963
eth-usd,2024-02-26T17:00:00,3181.839816109922
eth-usd,2024-02-26T18:00:00,3176.241224277826
eth-usd,2024-02-26T19:00:00,3173.965924408309
eth-usd,2024-02-26T20:00:00,3205.899481193532
eth-usd,2024-02-26T21:00:00,3245.8663960594067
eth-usd,2024-02-26T22:00:00,3236.0419650669146
eth-usd,2024-02-26T23:00:00,3221.730633626872
eth-usd,2024-02-27T00:00:00,3216.912000783221
eth-usd,2024-02-27T01:00:00,3231.2923420353977
eth-usd,2024-02-27T02:00:00,3223.1266625480516
eth-usd,2024-02-27T03:00:00,3226.542717244681
eth-usd,2024-02-27T04:00:00,3243.84013832621
eth-usd,2024-02-27T05:00:00,3257.3580064687935
eth-usd,2024-02-27T06:00:00,3256.977935230082
eth-usd,2024-02-27T07:00:00,3271.5810777289644
eth-usd,2024-02-27T08:00:00,3263.4049802186273
eth-usd,2024-02-27T09:00:00,3258.3322728575085
eth-usd,2024-02-27T10:00:00,3248.0489593544253
eth-usd,2024-02-27T11:00:00,3231.878312226235
eth-usd,2024-02-27T12:00:00,3231.279671668749
eth-usd,2024-02-27T13:00:00,3235.7602614903276
eth-usd,2024-02-27T14:00:00,3248.480043533403
eth-usd,2024-02-27T15:00:00,3246.6638599402604
eth-usd,2024-02-27T16:00:00,3250.6892942116456
eth-usd,2024-02-27T17:00:00,3257.2465825837085
eth-usd,2024-02-27T18:00:00,3245.0475565737793
eth-usd,2024-02-27T19:00:00,3247.310468617946
eth-usd,2024-02-27T20:00:00,3244.080346708354
eth-usd,2024-02-27T21:00:00,3243.112640917693
eth-usd,2024-02-27T22:00:00,3244.4362882525966
eth-usd,2024-02-27T23:00:00,3262.6932025315136
eth-usd,2024-02-28T00:00:00,3260.126786631281
eth-usd,2024-02-28T01:00:00,3258.361612496018
eth-usd,2024-02-28T02:00:00,3289.0743345403203
eth-usd,2024-02-28T03:00:00,3310.3202090057453
eth-usd,2024-02-28T04:00:00,3335.5091201238856
eth-usd,2024-02-28T05:00:00,3352.126466245964
eth-usd,2024-02-28T06:00:00,3316.7346921138696
eth-usd,2024-02-28T07:00:00,3306.6120788787334
eth-usd,2024-02-28T08:00:00,3342.59815939521
eth-usd,2024-02-28T09:00:00,3345.733770410161
eth-usd,2024-02-28T10:00:00,3357.5957369730704
eth-usd,2024-02-28T11:00:00,3393.2034524052387
eth-usd,2024-02-28T12:00:00,3390.1555738038724
eth-usd,2024-02-28T13:00:00,3270.6001132613974
eth-usd,2024-02-28T14:00:00,3306.8816287539726
eth-usd,2024-02-28T15:00:00,3280.065034933765
eth-usd,2024-02-28T16:00:00,3309.126338086057
eth-usd,2024-02-28T17:00:00,3338.376155562218
eth-usd,2024-02-28T18:00:00,3369.2945590419786
eth-usd,2024-02-28T19:00:00,3422.4674003493215
eth-usd,2024-02-28T20:00:00,3425.792279641627
eth-usd,2024-02-28T21:00:00,3406.549508816865
eth-usd,2024-02-28T22:00:00,3406.4869462596375
eth-usd,2024-02-28T23:00:00,3429.688725180301
eth-usd,2024-02-29T00:00:00,3451.4227943160045
eth-usd,2024-02-29T01:00:00,3479.672270637113
eth-usd,2024-02-29T02:00:00,3465.750364726231
eth-usd,2024-02-29T03:00:00,3484.4242370477873
eth-usd,2024-02-29T04:00:00,3466.3092232051577
eth-usd,2024-02-29T05:00:00,3461.0649767327022
eth-usd,2024-02-29T06:00:00,3502.731207336985
eth-usd,2024-02-29T07:00:00,3471.2084247482235
eth-usd,2024-02-29T08:00:00,3474.5019576311656
eth-usd,2024-02-29T09:00:00,3476.612045005511
eth-usd,2024-02-29T10:00:00,3473.288432194328
eth-usd,2024-02-29T11:00:00,3436.051647181666
eth-usd,2024-02-29T12:00:00,3393.055660059917
eth-usd,2024-02-29T13:00:00,3381.441773956842
eth-usd,2024-02-29T14:00:00,3385.107515580257
eth-usd,2024-02-29T15:00:00,3406.7776266329133
eth-usd,2024-02-29T16:00:00,3351.4839262801383
eth-usd,2024-02-29T17:00:00,3327.7537265993647
eth-usd,2024-02-29T18:00:00,3345.305395525139
